{"cameraMode":{"drawMode":0,"name":"Shaded","section":"Shading Mode"},"sceneLighting":false,"audioPlay":false,"sceneViewState":{"m_AlwaysRefresh":false,"showFog":true,"showSkybox":true,"showFlares":true,"showImageEffects":true,"showParticleSystems":true,"showVisualEffectGraphs":true,"m_FxEnabled":true},"in2DMode":false,"pivot":{"x":-2.3302974700927736,"y":0.5646612644195557,"z":0.12076091766357422},"rotation":{"x":0.044334832578897479,"y":0.8708624839782715,"z":-0.48302918672561648,"w":0.08022916316986084},"size":1.140517234802246,"orthographic":false}