{"cameraMode":{"drawMode":0,"name":"Shaded","section":"Shading Mode"},"sceneLighting":false,"audioPlay":false,"sceneViewState":{"m_AlwaysRefresh":false,"showFog":true,"showSkybox":true,"showFlares":true,"showImageEffects":true,"showParticleSystems":true,"showVisualEffectGraphs":true,"m_FxEnabled":true},"in2DMode":false,"pivot":{"x":-2.702566385269165,"y":1.7348401546478272,"z":-0.7785742282867432},"rotation":{"x":-0.0026304193306714298,"y":0.9765703678131104,"z":-0.2151997685432434,"w":-0.011415342800319195},"size":1.826850175857544,"orthographic":false}